Experiment_ID,Temperature_C,Pressure_bar,Reaction_Time_min,Catalyst,Conversion_pct,Impurity_pct,Optimized
DOE001,69.37,40.25,76.27,B,98,13.62,No
DOE002,91.1,19.24,77.52,A,98,17.09,No
DOE003,82.13,29.91,61.49,B,98,13.17,No
DOE004,90.06,20.88,29.47,B,98,13.71,No
DOE005,71.74,40.97,46.75,A,98,12.84,No
DOE006,90.78,19.83,62.54,A,98,17.75,No
DOE007,90.3,40.0,62.62,B,98,12.54,No
DOE008,70.32,41.38,31.36,A,98,10.44,Yes
DOE009,91.12,40.99,29.79,C,98,15.44,No
DOE010,79.22,19.48,45.9,B,98,15.49,No
DOE011,88.93,18.93,59.42,C,98,17.47,No
DOE012,81.47,31.21,31.12,B,98,14.47,No
DOE013,78.99,31.01,78.02,C,98,17.47,No
DOE014,72.36,39.94,77.03,A,98,12.13,No
DOE015,92.28,20.98,44.92,A,98,15.19,No
DOE016,90.42,30.42,60.3,A,98,14.54,No
DOE017,78.95,40.82,45.55,A,98,12.81,No
DOE018,89.18,30.69,76.24,A,98,16.63,No
DOE019,91.18,19.26,74.36,C,98,20.22,No
DOE020,88.69,32.08,74.1,C,98,19.99,No
DOE021,69.22,29.98,31.01,A,98,14.31,No
DOE022,78.79,40.7,40.88,A,98,10.24,Yes
DOE023,89.85,18.89,74.99,A,98,13.98,No
DOE024,80.93,29.54,75.91,B,98,16.14,No
DOE025,88.73,20.5,60.91,A,98,15.64,No
DOE026,70.6,20.33,61.7,C,98,20.32,No
DOE027,80.65,40.05,60.42,B,98,13.23,No
DOE028,62.52,39.23,56.78,A,98,10.99,Yes
DOE029,70.4,42.12,36.01,A,98,13.21,No
DOE030,89.75,21.51,78.35,C,98,,No
DOE031,81.4,21.16,75.78,C,98,19.49,No
DOE032,59.79,28.84,48.85,B,98,12.31,No
DOE033,71.51,37.51,46.65,A,98,11.72,No
DOE034,67.98,20.04,29.27,A,98,13.45,No
DOE035,90.1,19.05,60.92,A,98,12.33,No
DOE036,62.22,40.38,74.5,B,98,13.96,No
DOE037,58.84,20.38,61.13,C,98,17.41,No
DOE038,60.71,40.53,70.95,A,98,10.14,Yes
DOE039,89.06,31.8,62.78,A,98,15.65,No
DOE040,89.85,29.8,32.86,B,98,19.33,No
DOE041,86.98,19.77,43.16,A,98,18.63,No
DOE042,78.62,29.96,43.82,B,98,12.51,No
DOE043,78.99,30.58,74.82,B,98,11.6,No
DOE044,70.4,19.85,60.35,A,98,14.86,No
DOE045,71.71,39.2,71.45,C,98,13.79,No
DOE046,91.05,18.45,47.39,C,98,19.14,No
DOE047,81.95,20.62,45.36,C,98,17.55,No
DOE048,78.82,40.23,60.92,A,98,11.41,No
DOE049,77.25,28.87,60.49,C,98,17.34,No
DOE050,77.7,40.38,30.43,B,98,13.99,No
DOE051,89.44,29.12,74.59,B,98,15.96,No
DOE052,89.47,37.93,32.37,C,98,19.38,No
DOE053,91.4,30.24,58.44,C,98,17.99,No
DOE054,89.22,38.1,76.79,A,98,13.66,No
DOE055,70.14,40.31,29.52,A,98,12.86,No
DOE056,79.07,30.85,42.83,A,98,,No
DOE057,67.73,30.71,32.01,A,98,10.85,Yes
DOE058,82.41,30.5,56.93,B,98,11.64,No
DOE059,80.67,21.3,30.6,C,98,17.43,No
DOE060,70.97,19.22,29.66,A,98,12.64,No
DOE061,60.15,19.66,78.71,C,98,18.66,No
DOE062,71.14,29.28,60.93,C,98,,No
DOE063,89.56,28.85,75.05,B,98,17.02,No
DOE064,60.11,29.21,31.44,C,98,17.79,No
DOE065,70.38,29.53,79.05,A,98,17.13,No
DOE066,68.74,39.87,44.23,C,98,,No
DOE067,69.22,39.11,46.45,A,98,12.47,No
DOE068,79.16,40.0,40.37,B,98,12.31,No
DOE069,87.72,32.76,29.48,B,98,14.41,No
DOE070,71.99,28.98,48.41,B,98,13.89,No
DOE071,70.86,21.35,57.73,C,98,20.78,No
DOE072,60.29,41.1,31.73,C,98,16.6,No
DOE073,68.35,40.81,29.9,B,98,11.87,No
DOE074,88.83,29.33,28.01,C,98,20.6,No
DOE075,90.93,40.23,75.38,A,98,15.86,No
DOE076,70.03,43.41,72.96,A,98,11.46,No
DOE077,88.98,18.73,43.46,A,98,16.51,No
DOE078,89.92,19.26,45.79,C,98,20.83,No
DOE079,61.73,19.71,44.49,B,98,13.99,No
DOE080,60.58,20.52,31.4,B,98,12.19,No
DOE081,60.43,20.96,45.86,A,98,14.99,No
DOE082,59.41,39.33,60.43,C,98,13.22,No
DOE083,70.72,19.19,42.93,C,98,14.77,No
DOE084,88.96,40.63,42.65,A,98,10.47,Yes
DOE085,81.52,30.75,71.14,A,98,13.17,No
DOE086,91.79,40.05,74.22,A,98,15.19,No
DOE087,80.26,38.04,46.9,C,98,16.46,No
DOE088,91.25,30.27,60.34,B,98,14.59,No
DOE089,78.18,30.07,60.62,C,98,16.44,No
DOE090,90.69,19.59,46.67,C,98,20.17,No
DOE091,79.11,38.36,28.88,B,98,12.88,No
DOE092,82.03,30.09,42.6,C,98,15.67,No
DOE093,60.82,39.4,28.48,B,98,13.96,No
DOE094,78.82,38.6,31.83,C,98,15.41,No
DOE095,81.1,28.45,44.85,C,98,18.96,No
DOE096,88.09,31.57,28.32,A,98,12.63,No
