Run_ID,Production_Line,Shift,Material_Batch,Temperature_C,Pressure_bar,Line_Speed_RPM,Humidity_pct,Vibration_mm_s,Defect_Rate_pct,Yield_pct,Pass_Fail
MQ001,Line C,Evening,Batch M3,69.24,29.97,535,38.6,1.37,19.08,85.15,Fail
MQ002,Line B,Evening,Batch M2,75.31,29.36,469,43.8,3.81,17.13,85.99,Fail
MQ003,Line C,Evening,Batch M2,73.29,27.76,474,48.8,3.52,22.12,81.35,Fail
MQ004,Line A,Evening,Batch M3,68.97,35.68,460,24.6,4.29,20.75,83.24,Fail
MQ005,Line C,Night,Batch M3,71.33,36.9,475,42.9,2.75,22.6,79.18,Fail
MQ006,Line A,Morning,Batch M1,80.3,24.46,421,,5.35,21.96,79.96,Fail
MQ007,Line B,Night,Batch M1,65.43,37.38,491,29.2,4.48,25.23,79.77,Fail
MQ008,Line B,Evening,Batch M2,63.37,33.26,535,18,2.14,22.38,82.25,Fail
MQ009,Line B,Evening,Batch M2,77.65,32.48,478,43.9,3.74,23.44,80.59,Fail
MQ010,Line B,Morning,Batch M1,75.44,37.86,515,51.8,2.49,23.38,82.4,Fail
MQ011,Line C,Evening,Batch M1,75.31,28.22,335,35.6,3.17,21.71,81.72,Fail
MQ012,Line A,Morning,Batch M1,66.85,29.85,496,52.8,2.35,20.82,83.65,Fail
MQ013,Line B,Morning,Batch M2,73.49,32.29,522,47.2,3.63,22.63,82.22,Fail
MQ014,Line C,Morning,Batch M1,66.84,29.0,491,43.2,2.21,17.34,86.42,Fail
MQ015,Line D,Night,Batch M1,79.87,30.76,349,,2.88,23.77,82.89,Fail
MQ016,Line A,Morning,Batch M3,69.49,35.26,386,47.4,0.4,13.24,89.68,Pass
MQ017,Line D,Morning,Batch M2,70.07,30.01,482,,1.72,18.26,86.56,Fail
MQ018,Line B,Night,Batch M3,74.38,28.13,478,18,2.43,18.34,83.56,Fail
MQ019,Line B,Morning,Batch M3,71.79,28.92,519,68.3,5.37,17.7,85.04,Fail
MQ020,Line A,Morning,Batch M1,65.0,37.87,429,38.2,3.07,18.59,82.72,Fail
MQ021,Line A,Morning,Batch M2,63.19,28.2,403,40.9,2.78,23.96,80.8,Fail
MQ022,Line C,Night,Batch M1,69.73,34.03,504,38.0,2.13,20.13,81.8,Fail
MQ023,Line C,Morning,Batch M1,69.26,32.52,422,55.3,1.96,15.6,86.57,Fail
MQ024,Line C,Evening,Batch M3,72.26,33.69,431,42.4,5.11,17.99,85.06,Fail
MQ025,Line D,Morning,Batch M2,70.83,39.93,378,46.7,3.21,20.63,80.32,Fail
MQ026,Line D,Evening,Batch M2,73.41,32.66,420,64.8,2.9,18.47,84.53,Fail
MQ027,Line D,Night,Batch M1,71.01,26.19,409,54.8,3.17,15.92,84.17,Fail
MQ028,Line C,Morning,Batch M2,72.82,34.92,471,44.2,1.71,15.72,87.57,Fail
MQ029,Line D,Evening,Batch M2,72.12,32.73,402,45.4,4.73,20.75,83.73,Fail
MQ030,Line D,Night,Batch M2,75.45,31.65,438,48.7,0.75,18.35,84.34,Fail
MQ031,Line C,Night,Batch M3,73.37,30.44,416,29.4,4.02,18.06,84.5,Fail
MQ032,Line B,Evening,Batch M1,66.24,29.93,385,28.5,2.39,19.15,84.91,Fail
MQ033,Line A,Night,Batch M2,59.34,31.95,433,50.5,1.73,20.46,84.83,Fail
MQ034,Line D,Morning,Batch M3,73.65,40.24,424,52.4,3.32,22.65,81.11,Fail
MQ035,Line C,Evening,Batch M3,68.46,35.98,378,39.0,4.5,18.9,83.41,Fail
MQ036,Line D,Morning,Batch M2,77.68,32.85,415,59.1,2.15,19.37,84.54,Fail
MQ037,Line C,Morning,Batch M3,65.7,31.17,435,47.2,4.85,18.26,82.83,Fail
MQ038,Line B,Night,Batch M3,77.06,28.31,390,57.4,2.32,16.57,85.35,Fail
MQ039,Line D,Night,Batch M1,72.6,29.07,467,47.4,2.93,16.57,87.72,Fail
MQ040,Line D,Evening,Batch M1,65.05,30.67,426,21.4,3.65,18.74,83.6,Fail
MQ041,Line A,Morning,Batch M1,65.09,32.88,492,47.8,0.95,19.36,83.97,Fail
MQ042,Line B,Night,Batch M3,76.66,28.35,429,42.8,3.93,20.5,82.45,Fail
MQ043,Line C,Night,Batch M2,73.31,26.87,442,39.9,3.0,17.95,85.69,Fail
MQ044,Line A,Morning,Batch M2,76.54,30.07,445,37.7,1.82,19.55,83.75,Fail
MQ045,Line B,Evening,Batch M1,73.6,28.91,405,49.9,5.52,19.17,84.66,Fail
MQ046,Line A,Evening,Batch M2,74.92,31.05,434,59.6,3.16,15.96,87.32,Fail
MQ047,Line B,Morning,Batch M1,79.34,29.39,443,46.2,2.63,21.82,82.4,Fail
MQ048,Line D,Morning,Batch M1,67.05,33.99,460,51.1,4.34,20.12,84.99,Fail
MQ049,Line C,Morning,Batch M3,65.09,38.69,449,42.3,3.12,18.46,83.52,Fail
MQ050,Line A,Night,Batch M1,66.95,28.44,478,37.5,2.1,18.2,84.35,Fail
MQ051,Line A,Morning,Batch M3,64.28,31.53,439,,3.92,18.27,84.05,Fail
MQ052,Line D,Night,Batch M1,76.94,33.75,481,35.8,1.58,20.82,85.18,Fail
MQ053,Line B,Evening,Batch M1,70.53,29.22,432,51.4,0.97,15.52,86.57,Fail
MQ054,Line D,Morning,Batch M3,66.17,29.37,423,33.6,1.9,16.57,85.61,Fail
MQ055,Line A,Morning,Batch M1,72.39,28.63,415,47.4,3.63,13.73,89.42,Pass
MQ056,Line C,Night,Batch M1,69.48,32.58,433,32.0,1.75,18.08,83.23,Fail
MQ057,Line D,Evening,Batch M1,73.29,24.26,466,54.2,1.38,18.34,85.56,Fail
MQ058,Line D,Evening,Batch M3,69.67,32.62,357,42.7,2.23,17.0,85.89,Fail
MQ059,Line C,Morning,Batch M2,78.6,32.03,433,63.6,4.37,20.93,81.52,Fail
MQ060,Line A,Night,Batch M1,80.94,29.51,451,44.3,4.2,19.99,82.77,Fail
MQ061,Line C,Evening,Batch M1,78.42,34.24,331,40.9,2.35,20.69,81.54,Fail
MQ062,Line C,Morning,Batch M2,60.64,38.58,448,,0.49,18.18,86.74,Fail
MQ063,Line A,Evening,Batch M3,70.67,35.65,328,39.4,2.25,15.89,87.35,Fail
MQ064,Line C,Evening,Batch M3,71.37,26.16,393,49.4,4.38,19.57,83.78,Fail
MQ065,Line D,Night,Batch M3,68.57,31.11,445,19.1,2.43,18.38,86.16,Fail
MQ066,Line A,Morning,Batch M2,68.08,29.49,350,31.8,0.4,15.35,88.68,Pass
MQ067,Line D,Night,Batch M1,63.28,30.69,455,48.9,0.4,18.85,83.16,Fail
MQ068,Line D,Night,Batch M2,82.92,35.83,506,39.3,2.76,25.23,81.67,Fail
MQ069,Line D,Evening,Batch M2,69.98,34.63,432,46.2,4.18,20.06,81.67,Fail
MQ070,Line D,Night,Batch M1,65.55,28.17,466,56.3,3.07,22.27,82.47,Fail
MQ071,Line D,Morning,Batch M3,67.75,34.13,382,33.9,0.4,18.15,86.06,Fail
MQ072,Line B,Morning,Batch M1,64.39,32.3,430,34.3,3.23,19.95,83.83,Fail
MQ073,Line A,Evening,Batch M1,75.58,30.48,329,31.9,0.61,19.34,86.46,Fail
MQ074,Line A,Night,Batch M1,73.36,37.06,408,27.3,3.35,21.1,81.73,Fail
MQ075,Line B,Morning,Batch M1,75.6,35.37,377,41.7,2.34,18.75,85.28,Fail
MQ076,Line C,Night,Batch M1,68.38,25.11,337,35.5,2.09,21.44,82.36,Fail
MQ077,Line B,Evening,Batch M1,75.58,29.99,412,56.6,2.99,20.96,84.36,Fail
MQ078,Line D,Morning,Batch M2,70.27,32.19,429,,1.96,16.69,85.3,Fail
MQ079,Line B,Night,Batch M3,72.93,35.35,401,50.4,3.96,14.78,84.34,Fail
MQ080,Line B,Morning,Batch M1,72.58,34.08,384,24.7,3.4,20.1,82.18,Fail
MQ081,Line B,Evening,Batch M2,77.67,30.95,372,,4.03,21.27,81.97,Fail
MQ082,Line D,Night,Batch M3,70.74,32.41,410,42.0,3.13,17.13,86.78,Fail
MQ083,Line B,Evening,Batch M3,68.01,28.72,449,33.5,2.69,16.57,86.32,Fail
MQ084,Line A,Night,Batch M3,69.86,37.88,383,47.8,4.08,19.03,84.36,Fail
MQ085,Line B,Morning,Batch M3,71.62,29.61,415,38.2,1.63,17.64,84.52,Fail
MQ086,Line C,Night,Batch M2,76.7,29.6,452,40.1,2.76,17.18,87.37,Fail
MQ087,Line B,Evening,Batch M2,72.52,37.21,435,31.3,5.0,20.59,82.68,Fail
MQ088,Line A,Evening,Batch M2,65.07,35.48,376,45.3,2.24,22.03,83.23,Fail
MQ089,Line D,Night,Batch M1,73.33,32.07,420,42.1,1.95,18.11,85.11,Fail
MQ090,Line D,Morning,Batch M2,68.67,34.19,396,53.6,2.49,18.27,84.27,Fail
MQ091,Line B,Evening,Batch M3,79.33,33.83,444,50.4,2.73,21.55,81.93,Fail
MQ092,Line D,Night,Batch M1,69.21,29.41,479,35.3,2.52,19.18,83.01,Fail
MQ093,Line D,Evening,Batch M3,76.06,31.32,391,59.4,1.25,13.65,89.56,Pass
MQ094,Line A,Evening,Batch M2,75.2,31.15,423,21.9,3.39,18.73,84.39,Fail
MQ095,Line A,Night,Batch M1,72.4,28.97,316,40.5,2.56,16.76,87.23,Fail
MQ096,Line D,Night,Batch M3,82.74,31.39,525,54.2,1.12,19.66,86.3,Fail
MQ097,Line C,Night,Batch M3,72.93,29.37,475,36.1,1.08,19.02,86.2,Fail
MQ098,Line C,Morning,Batch M1,64.47,27.3,404,68.6,2.46,18.96,84.65,Fail
MQ099,Line C,Evening,Batch M2,73.7,36.74,403,61.2,5.62,18.57,82.94,Fail
MQ100,Line D,Evening,Batch M1,73.86,32.27,330,35.2,1.2,14.84,87.36,Fail
MQ101,Line C,Night,Batch M3,72.0,32.99,333,40.5,2.79,18.96,85.2,Fail
MQ102,Line A,Morning,Batch M3,71.07,28.32,316,51.4,3.6,21.63,83.18,Fail
MQ103,Line A,Evening,Batch M3,63.2,31.21,376,40.5,2.19,21.68,81.21,Fail
MQ104,Line D,Morning,Batch M1,72.35,29.74,536,40.1,3.69,22.85,81.18,Fail
MQ105,Line A,Morning,Batch M3,71.55,28.91,392,39.5,0.4,12.35,90.79,Pass
MQ106,Line B,Morning,Batch M3,69.24,36.41,428,44.4,2.58,20.56,83.93,Fail
MQ107,Line A,Night,Batch M2,71.22,27.82,385,39.0,4.74,18.39,82.16,Fail
MQ108,Line A,Evening,Batch M1,69.49,37.0,453,47.2,0.56,18.64,86.26,Fail
MQ109,Line A,Evening,Batch M1,72.93,27.53,363,25.0,6.61,17.93,84.8,Fail
MQ110,Line D,Morning,Batch M3,75.14,26.64,398,33.7,2.56,22.17,81.74,Fail
MQ111,Line B,Morning,Batch M3,68.49,31.44,298,46.6,1.52,18.87,86.46,Fail
MQ112,Line B,Evening,Batch M2,70.37,27.26,399,53.1,2.05,16.83,87.13,Fail
MQ113,Line B,Morning,Batch M1,80.09,32.98,424,45.8,1.75,16.71,86.35,Fail
MQ114,Line D,Evening,Batch M3,72.74,33.58,405,39.7,3.95,19.78,82.6,Fail
MQ115,Line C,Morning,Batch M2,77.3,29.95,465,64.6,4.29,19.94,85.96,Fail
MQ116,Line C,Morning,Batch M2,61.49,38.17,417,37.7,3.54,24.41,80.97,Fail
MQ117,Line C,Evening,Batch M1,60.58,36.07,404,36.4,2.49,19.17,86.23,Fail
MQ118,Line A,Night,Batch M3,70.67,28.38,412,43.4,3.33,18.26,87.6,Fail
MQ119,Line A,Night,Batch M1,69.53,32.97,361,37.0,4.25,17.55,86.91,Fail
MQ120,Line C,Morning,Batch M1,72.2,34.81,322,42.2,2.85,16.46,86.46,Fail
